lga_name,state_name,electricity
ABA NORTH,Abia,1
ABA SOUTH,Abia,0.9222
ABAJI,Federal Capital Territory,0.8272
ABAK,Akwa Ibom,0.5203
ABAKALIKI,Ebonyi,0
ABEOKUTA NORTH,Ogun,0.9667
ABEOKUTA SOUTH,Ogun,1
ABI,Cross River,0.5926
ABOH-MBAISE,Imo,0.2667
ABUA/ODUAL,Rivers,0.48
ABUJA,Federal Capital Territory,0.981
ADAVI,Kogi,0.9236
ADO,Benue,0.4333
ADO ODO/OTA,Ogun,0.8167
ADO-EKITI,Ekiti,0.7405
AFIJIO,Oyo,0.9667
AFIKPO NORTH,Ebonyi,0.75
AFIKPO SOUTH,Ebonyi,0.6667
AGATU,Benue,0
AGEGE,Lagos,1
AGUATA,Anambra,0.83
AGWARA,Niger,0.4483
AHIAZU-MBAISE,Imo,0.9333
AHOADA EAST,Rivers,0.6653
AHOADA WEST,Rivers,1
AIYEDADE,Osun,1
AJAOKUTA,Kogi,0.9615
AJEROMI/IFELODUN,Lagos,1
AJINGI,Kano,0
AKAMKPA,Cross River,0.2904
AKINYELE,Oyo,0.8
AKKO,Gombe,0.7847
AKOKO NORTH-EAST,Ondo,0.5973
AKOKO NORTH-WEST,Ondo,0.7322
AKOKO SOUTH-EAST,Ondo,0.6874
AKOKO SOUTH-WEST,Ondo,0.7167
AKOKO-EDO,Edo,0.9589
AKPABUYO,Cross River,0.8634
AKURE NORTH,Ondo,0.9444
AKWANGA,Nasarawa,0.447
ALBASU,Kano,0.6057
ALEIRO,Kebbi,0.9333
ALIMOSHO,Lagos,0.9644
ALKALERI,Bauchi,0.3833
AMUWO ODOFIN,Lagos,0.975
ANAMBRA EAST,Anambra,1
ANAMBRA WEST,Anambra,0.3222
ANAOCHA,Anambra,0.9667
ANDONI,Rivers,0.0357
ANINRI,Enugu,0.8167
ANIOCHA NORTH,Delta,0
ANIOCHA SOUTH,Delta,0.4833
ANKA,Zamfara,0
ANKPA,Kogi,0
APA,Benue,0.8
APAPA,Lagos,1
ARDO-KOLA,Taraba,0.3621
AREWA DANDI,Kebbi,0.3667
ARGUNGU,Kebbi,0.4833
AROCHUKWU,Abia,0.9524
ASA,Kwara,0.9655
ASARI-TORU,Rivers,0.9615
ASKIRA/UBA,Borno,0.0351
ATAKUMOSA EAST,Osun,0.6667
ATIBA,Oyo,0
ATISBO,Oyo,0
AUGIE,Kebbi,0.2778
AUYO,Jigawa,0
AWE,Nasarawa,0
AWGU,Enugu,0.5059
AWKA NORTH,Anambra,0.7931
AWKA SOUTH,Anambra,0.8751
AYAMELUM,Anambra,0.4667
BABURA,Jigawa,0.0833
BADAGRY,Lagos,1
BADE,Yobe,0
BAGUDO,Kebbi,0.0172
BAGWAI,Kano,0
BAKORI,Katsina,0
BAKURA,Zamfara,0.45
BALANGA,Gombe,0.0333
BALI,Taraba,0
BARUTEN,Kwara,0
BASSA,Kogi,0.1458
BASSA,Plateau,0.3222
BATAGARAWA,Katsina,0.6667
BATSARI,Katsina,0.5
BAUCHI,Bauchi,0.5602
BAURE,Katsina,0.5333
BAYO,Borno,0
BEBEJI,Kano,0
BENDE,Abia,0.8676
BIASE,Cross River,0.1724
BIDA,Niger,1
BILLIRI,Gombe,0.625
BINDAWA,Katsina,0
BINJI,Sokoto,0
BIRINIWA,Jigawa,0.1778
BIRNIN KEBBI,Kebbi,0.6207
BIRNIN KUDU,Jigawa,0.6333
BIU,Borno,0.5329
BODINGA,Sokoto,0.7069
BOKI,Cross River,0.2
BOKKOS,Plateau,0.2889
BOLUWADURO,Osun,0.9667
BOMADI,Delta,0
BONNY,Rivers,0.7094
BORGU,Niger,0
BORIPE,Osun,1
BORSARI,Yobe,0.1
BOSSO,Niger,0.6778
BRASS,Bayelsa,0.4291
BUJI,Jigawa,0
BUKKUYUM,Zamfara,0.1583
BUKURU,Benue,0.0889
BUNGUDU,Zamfara,0.4718
BUNZA,Kebbi,0.9
BURUTU,Delta,0.25
BWARI,Federal Capital Territory,0.8472
CALABAR,Cross River,0.9827
CHANCHAGA,Niger,1
CHIKUN,Kaduna,0.9667
DAMATURU,Yobe,0.4
DAMBAN,Bauchi,0.8333
DAMBATTA,Kano,0
DAMBOA,Borno,0
DANDI,Kebbi,0.45
DANGE-SHUNI,Sokoto,0.0345
DANJA,Katsina,0.8
DANKO WASAGU,Kebbi,0
DANMUSA,Katsina,0.463
DARAZO,Bauchi,0.5333
DASS,Bauchi,0
DAURA,Katsina,0
DAWAKIN TOFA,Kano,0.7167
DEGEMA,Rivers,0.9872
DEKINA,Kogi,0.3889
DEMSA,Adamawa,0.5864
DOGUWA,Kano,0.0333
DOMA,Nasarawa,0.4828
DONGA,Taraba,0.7667
DUKKU,Gombe,0
DUNUKOFIA,Anambra,0.9667
DUTSE,Jigawa,0.931
EASTERN OBOLO,Akwa Ibom,0.5333
EDATI,Niger,0.7333
EDU,Kwara,0.7556
EFON,Ekiti,0.15
EGBEDA,Oyo,0.6914
EGBEDORE,Osun,1
EGOR,Edo,1
EHIME-MBANO,Imo,0.4615
EJIGBO,Osun,0.9333
EKEREMOR,Bayelsa,0.58
EKET,Akwa Ibom,0.9333
EKITI,Kwara,0.8881
EKITI SOUTH-WEST,Ekiti,0.8667
EKITI WEST,Ekiti,0.0333
EKWUSIGO,Anambra,1
ELEME,Rivers,0.9
EMURE/ISE/ORUN,Ekiti,0
ENUGU EAST,Enugu,0.9314
ENUGU NORTH,Enugu,1
ENUGU SOUTH,Enugu,0.9667
EPE,Lagos,1
ESAN NORTH-EAST,Edo,0.4299
ESAN SOUTH-EAST,Edo,0
ESAN WEST,Edo,0.0476
ESE-ODO,Ondo,0.1667
ESSIEN UDIM,Akwa Ibom,0.8083
ETCHE,Rivers,0.8896
ETHIOPE EAST,Delta,0.9333
ETHIOPE WEST,Delta,0.963
ETI-OSA,Lagos,1
ETINAN,Akwa Ibom,0.8182
ETSAKO CENTRAL,Edo,0.9615
ETSAKO EAST,Edo,0.45
ETSAKO WEST,Edo,0.9885
ETUNG,Cross River,0
EWEKORO,Ogun,0.8333
EZEAGU,Enugu,0.4833
EZINIHITTE MBAISE,Imo,0.4833
EZZA NORTH,Ebonyi,0
EZZA SOUTH,Ebonyi,0.1056
FAGGE,Kano,1
FAKAI,Kebbi,0.32
FASKARI,Katsina,0
FIKA,Yobe,0
FUFORE,Adamawa,0.3333
FUNAKAYE,Gombe,0.6667
FUNE,Yobe,0.0837
FUNTUA,Katsina,0.7525
GABASAWA,Kano,0.8
GADA,Sokoto,0.023
GAGARAWA,Jigawa,0
GAMAWA,Bauchi,0
GANJUWA,Bauchi,0
GANYE,Adamawa,0.9655
GARKI,Jigawa,0.1333
GARKO,Kano,0
GARUM MALLAM,Kano,0.7333
GASHAKA,Taraba,0
GASSOL,Taraba,0
GAYA,Kano,0.0167
GBAKO,Niger,0
GBOKO,Benue,0.3333
GBOYIN,Ekiti,0.2333
GEZAWA,Kano,0.95
GIADE,Bauchi,0
GIRIE,Adamawa,0.3929
GIWA,Kaduna,0.4333
GOKANA,Rivers,0.9259
GUBIO,Borno,0
GUMA,Benue,0.6667
GUMMI,Zamfara,0
GURARA,Niger,0.8
GURI,Jigawa,0
GUSAU,Zamfara,0.9144
GUYUK,Adamawa,0.3333
GWADABAWA,Sokoto,0.4048
GWAGWALADA,Federal Capital Territory,0.7867
GWALE,Kano,0.9821
GWARAM,Jigawa,0
GWER EAST,Benue,0
GWER WEST,Benue,0.9
GWIWA,Jigawa,0.5463
HADEJIA,Jigawa,0.9643
HAWUL,Borno,0.1481
HONG,Adamawa,0.4744
IBADAN NORTH,Oyo,0.9333
IBADAN NORTH-EAST,Oyo,0.8411
IBADAN NORTH-WEST,Oyo,0.9333
IBADAN SOUTH-EAST,Oyo,0.9333
IBADAN SOUTH-WEST,Oyo,0.9933
IBAJI,Kogi,0.1267
IBARAPA CENTRAL,Oyo,0.45
IBEJU-LEKKI,Lagos,0.8333
IBESIKPO ASUTAN,Akwa Ibom,0.6611
IBIONO IBOM,Akwa Ibom,0.8519
IDEATO NORTH,Imo,0.4113
IDEMILI NORTH,Anambra,0.9655
IDEMILI SOUTH,Anambra,0.9889
IDO,Oyo,0.9833
IDO-OSI,Ekiti,0.925
IFAKO/IJAYE,Lagos,1
IFE EAST,Osun,0
IFE NORTH,Osun,1
IFEDAYO,Osun,1
IFEDORE,Ondo,0.6111
IFELODUN,Kwara,0.3111
IFELODUN,Osun,0.95
IFO,Ogun,0.9889
IGABI,Kaduna,0.9733
IGALAMELA-ODOLU,Kogi,0.3595
IGBO-ETITI,Enugu,0.6556
IGBO-EZE NORTH,Enugu,0.4201
IGBO-EZE SOUTH,Enugu,0
IGUEBEN,Edo,0.7308
IHIALA,Anambra,0.5667
IHITTE/UBOMA,Imo,0.9
IJEBU EAST,Ogun,0.5
IJEBU NORTH,Ogun,0.5
IJEBU NORTH-EAST,Ogun,0.9667
IJEBU-ODE,Ogun,1
IJERO,Ekiti,0.9333
IJUMU,Kogi,0.9615
IKA,Akwa Ibom,0.5172
IKA NORTH-EAST,Delta,0.8333
IKA SOUTH,Delta,0.9
IKARA,Kaduna,0
IKEDURU,Imo,0.8519
IKEJA,Lagos,1
IKENNE,Ogun,1
IKERE,Ekiti,0.8667
IKOLE,Ekiti,0.6997
IKOM,Cross River,0.3799
IKONO,Akwa Ibom,0.7931
IKORODU,Lagos,0.975
IKOT ABASI,Akwa Ibom,1
IKOT EKPENE,Akwa Ibom,0.9167
IKPOBA-OKHA,Edo,1
IKWERRE,Rivers,0.6616
IKWO,Ebonyi,0.238
IKWUANO,Abia,0.5862
ILA,Osun,0.5333
ILAJE,Ondo,0
ILEJEMEJE,Ekiti,0.9333
ILESHA WEST,Osun,0.7414
ILLELA,Sokoto,0.0167
ILORIN EAST,Kwara,1
ILORIN SOUTH,Kwara,0.9828
ILORIN WEST,Kwara,0.9167
INI,Akwa Ibom,0.0345
IPOKIA,Ogun,0.931
IRELE,Ondo,0
IREPODUN,Kwara,0.9885
IREPODUN,Osun,0.9655
IREPODUN/IFELODUN,Ekiti,0.9333
IREWOLE,Osun,0.4
ISA,Sokoto,0.1538
ISE/ORUN,Ekiti,0.8333
ISEYIN,Oyo,0.6444
ISHIELU,Ebonyi,0
ISIALA MBANO,Imo,0.2804
ISIALA NGWA NORTH,Abia,0.9167
ISIALA NGWA SOUTH,Abia,0.9119
ISIN,Kwara,0.931
ISOKAN,Osun,0
ISOKO NORTH,Delta,1
ISOKO SOUTH,Delta,0.5375
ISUIKWUATO,Abia,0.9655
IVO,Ebonyi,0.4667
IWAJOWA,Oyo,1
IWO,Osun,0.6
IZZI,Ebonyi,0.1167
JABA,Kaduna,0.931
JADA,Adamawa,0
JAHUN,Jigawa,0.296
JAKUSKO,Yobe,0
JALINGO,Taraba,0.8929
JAMA'ARE,Bauchi,0.6333
JEGA,Kebbi,0
JEMA'A,Kaduna,0.6833
JERE,Borno,0.0667
JIBIA,Katsina,0.75
JOS EAST,Plateau,0.0333
JOS NORTH,Plateau,0.9917
JOS SOUTH,Plateau,0.8667
KABBA/BUNU,Kogi,0.9333
KABO,Kano,0.9667
KACHIA,Kaduna,0.3111
KADUNA NORTH,Kaduna,1
KADUNA SOUTH,Kaduna,1
KAFIN HAUSA,Jigawa,0
KAFUR,Katsina,0.4333
KAGARKO,Kaduna,0.3296
KAIAMA,Kwara,0
KAITA,Katsina,0.3704
KAJOLA,Oyo,0.9
KAJURU,Kaduna,1
KALGO,Kebbi,0.3833
KALTUNGO,Gombe,0.0833
KANAM,Plateau,0
KANKARA,Katsina,0.2833
KANKE,Plateau,0.1333
KANKIA,Katsina,0
KARASUWA,Yobe,0.3647
KARAYE,Kano,0.7586
KARIM LAMIDO,Taraba,0.025
KARU,Nasarawa,0.9833
KATAGUM,Bauchi,0.5222
KATCHA,Niger,0
KATSINA,Katsina,0.6552
KATSINA-ALA,Benue,0.3333
KAUGAMA,Jigawa,0
KAURA,Kaduna,0.7333
KAURA NAMODA,Zamfara,0.7317
KAURU,Kaduna,0
KEANA,Nasarawa,0.4556
KEFFI,Nasarawa,1
KHANA,Rivers,0.0357
KIBIYA,Kano,0.6667
KIRFI,Bauchi,0
KIRI KASAMA,Jigawa,0.6296
KIRU,Kano,0.4333
KIYAWA,Jigawa,0.1118
KOKO/BESSE,Kebbi,0
KOKONA,Nasarawa,0.5006
KOLOKUMA/OPOKUMA,Bayelsa,0.6444
KONDUGA,Borno,0.5684
KONSHISHA,Benue,0
KONTAGORA,Niger,0.6222
KOSOFE,Lagos,1
KUBAU,Kaduna,0.3556
KUDAN,Kaduna,0.4833
KUJE,Federal Capital Territory,0
KUKAWA,Borno,0
KUNCHI,Kano,0
KURA,Kano,0.5862
KURMI,Taraba,0
KUSADA,Katsina,0
KWALI,Federal Capital Territory,0.1867
KWAMI,Gombe,0.0111
KWANDE,Benue,0
KWARE,Sokoto,0.5
LAFIA,Nasarawa,0.5167
LAGOS ISLAND,Lagos,0.9917
LAMURDE,Adamawa,0.7407
LANGTANG NORTH,Plateau,0
LAU,Taraba,0.3778
LAVUN,Niger,0.0222
LERE,Kaduna,0.3443
LOKOJA,Kogi,0.6379
MACHINA,Yobe,0.1292
MAGAMA,Niger,0
MAGUMERI,Borno,0
MAI'ADUA,Katsina,0.7598
MAIDUGURI,Borno,0.6727
MAIGATARI,Jigawa,0.2475
MAIHA,Adamawa,0
MAIYAMA,Kebbi,0.2
MAKODA,Kano,0.5
MAKURDI,Benue,0.925
MALUMFASHI,Katsina,0.7778
MANGU,Plateau,0.5583
MANI,Katsina,0.3933
MARADUN,Zamfara,0.1667
MARIGA,Niger,0.0333
MASHI,Katsina,0
MATAZU,Katsina,0.5333
MBATOLI,Imo,0.8578
MBO,Akwa Ibom,0.7667
MIGA,Jigawa,0
MINJIBIR,Kano,0.5124
MISAU,Bauchi,0.3111
MKPAT ENIN,Akwa Ibom,0.2632
MOBA,Ekiti,1
MOBBAR,Borno,0.3
MOKWA,Niger,0.5133
MUBI NORTH,Adamawa,1
MUBI SOUTH,Adamawa,0.0345
MUSAWA,Katsina,0.9259
MUSHIN,Lagos,1
MUYA,Niger,1
NAFADA,Gombe,0.2778
NANGERE,Yobe,0.3218
NASARAWA,Kano,0.9833
NASARAWA,Nasarawa,0.3214
NASARAWA EGGON,Nasarawa,0
NDOKWA EAST,Delta,0.6667
NDOKWA WEST,Delta,0.9
NEMBE,Bayelsa,0.1774
NGANZAI,Borno,0
NGASKI,Kebbi,0.6
NGOR-OKPALA,Imo,0.5
NGURU,Yobe,0.5337
NINGI,Bauchi,0
NJABA,Imo,0.7287
NJIKOKA,Anambra,0.9286
NKANU EAST,Enugu,0.2759
NKANU WEST,Enugu,0.5333
NKWERRE,Imo,0.8
NNEWI SOUTH,Anambra,0.7407
NSIT ATAI,Akwa Ibom,0.7931
NSIT IBOM,Akwa Ibom,0.8
NSUKKA,Enugu,0.7167
NUMAN,Adamawa,0.7
OBAFEMI-OWODE,Ogun,1
OBANLIKU,Cross River,0
OBI,Nasarawa,0
OBI NGWA,Abia,1
OBIO/AKPOR,Rivers,1
OBOT AKARA,Akwa Ibom,0.8299
OBOWO,Imo,0.8333
OBUBRA,Cross River,0.4286
ODIGBO,Ondo,0.2
ODO-OTIN,Osun,0.9333
ODOGBOLU,Ogun,1
ODUKPANI,Cross River,0.2357
OFFA,Kwara,0.9831
OFU,Kogi,0.3474
OGBA/EGBEMA/NDONI,Rivers,1
OGBARU,Anambra,0.8667
OGBIA,Bayelsa,0.1942
OGBOMOSHO NORTH,Oyo,0.9441
OGO OLUWA,Oyo,0.8667
OGOJA,Cross River,0.4667
OGUTA,Imo,0.0333
OHAFIA,Abia,0.8699
OHAJI/EGBEMA,Imo,0.0333
OHAOZARA,Ebonyi,0.55
OHAUKWU,Ebonyi,0.2
OHIMINI,Benue,0
OJI-RIVER,Enugu,0.4667
OJO,Lagos,1
OJU,Benue,0.4417
OKE-ERO,Kwara,0.9
OKEHI,Kogi,0.7569
OKIGWE,Imo,0
OKITIPUPA,Ondo,0.1333
OKOBO,Akwa Ibom,0.7667
OKPE,Delta,0.7667
OLAMABORO,Kogi,0.4479
OLORUNDA,Osun,1
OMALA,Kogi,0.0185
OMUMMA,Rivers,0.9615
ONDO EAST,Ondo,0.2
ONDO WEST,Ondo,0.4833
ONICHA,Ebonyi,0.3333
ONITSHA NORTH,Anambra,1
ONNA,Akwa Ibom,0.9667
OPOBO/NKORO,Rivers,0.6627
OREDO,Edo,1
ORHIONMWON,Edo,0.3795
ORI-IRE,Oyo,0.5667
ORIADE,Osun,0.9083
ORLU,Imo,0.7832
OROLU,Osun,0.8762
ORON,Akwa Ibom,0.5
ORSU,Imo,0.1
ORU EAST,Imo,0.3333
ORU WEST,Imo,0.3167
ORUK ANAM,Akwa Ibom,0.7167
ORUMBA NORTH,Anambra,0.8833
ORUMBA SOUTH,Anambra,0.5
OSE,Ondo,0.2778
OSHIMILI SOUTH,Delta,0.9655
OSHODI/ISOLO,Lagos,0.9881
OSISIOMA NGWA,Abia,1
OSOGBO,Osun,0.9333
OTUKPO,Benue,0.7889
OVIA NORTH-EAST,Edo,0
OVIA SOUTH-WEST,Edo,0.463
OWAN WEST,Edo,0.8815
OWERRI MUNICIPAL,Imo,1
OWERRI WEST,Imo,1
OWO,Ondo,0.8333
OYE,Ekiti,0.9333
OYI,Anambra,0.9889
OYIGBO,Rivers,0.963
OYO EAST,Oyo,0.2667
OYO WEST,Oyo,1
OYUN,Kwara,1
PAIKORO,Niger,0.7667
PANKSHIN,Plateau,0
PATANI,Delta,0
PATEGI,Kwara,0.8
PORT HARCOURT,Rivers,1
POTISKUM,Yobe,0.8167
QUA'AN PAN,Plateau,0
RABAH,Sokoto,0.3333
RAFI,Niger,1
REMO-NORTH,Ogun,1
RIJAU,Niger,0
RIMI,Katsina,0
RIMIN GADO,Kano,0
RINGIM,Jigawa,0
ROGO,Kano,0.6667
SABON BIRNI,Sokoto,0.0893
SABON GARI,Kaduna,0.9444
SABUWA,Katsina,0.44
SAGBAMA,Bayelsa,0.2345
SAKI EAST,Oyo,0.475
SANDAMU,Katsina,0.5862
SANGA,Kaduna,0.7586
SAPELE,Delta,1
SARDAUNA,Taraba,0
SHAGAMU,Ogun,0.9828
SHAGARI,Sokoto,0
SHANGA,Kebbi,0.6333
SHANI,Borno,0
SHANONO,Kano,0.7
SHELLENG,Adamawa,0
SHENDAM,Plateau,0.17
SHINKAFI,Zamfara,0
SHIRA,Bauchi,0.3333
SHIRORO,Niger,1
SHOMGOM,Gombe,0
SHOMOLU,Lagos,1
SOBA,Kaduna,0.2889
SOKOTO NORTH,Sokoto,0.95
SONG,Adamawa,0.5
SOUTHERN IJAW,Bayelsa,0.2452
SULE TANKARKAR,Jigawa,0.2333
SURU,Kebbi,0
SURULERE,Lagos,1
SURULERE,Oyo,0
TAFA,Niger,0.95
TAFAWA-BALEWA,Bauchi,0
TAI,Rivers,0.6333
TAKAI,Kano,0
TAKUM,Taraba,0.5
TALATA-MAFARA,Zamfara,0.2241
TAMBUWAL,Sokoto,0
TANGAZA,Sokoto,0
TARAUNI,Kano,0.9552
TARKA,Benue,0.1
TEUNGO,Adamawa,0
TORO,Bauchi,0.2778
TOTO,Nasarawa,0.4634
TSAFE,Zamfara,0.2833
TSANYAWA,Kano,0.4667
TUDUN WADA,Kano,0.3833
TURETA,Sokoto,0.8889
UDENU,Enugu,0.8444
UDI,Enugu,0.6632
UDU,Delta,0.9667
UGHELLI NORTH,Delta,0.9111
UGHELLI SOUTH,Delta,0.7333
UHUNMWONDE,Edo,0.5208
UKUM,Benue,0
UKWA EAST,Abia,0.8667
UKWA WEST,Abia,1
UKWUANI,Delta,0
UMU NNEOCHI,Abia,0.1714
UMUAHIA NORTH,Abia,0.9531
UMUAHIA SOUTH,Abia,0.95
UNGOGO,Kano,0.8409
UNUIMO,Imo,0.4667
URUAN,Akwa Ibom,0.9183
URUE OFFONG,Akwa Ibom,0.7333
USSA,Taraba,0.3
UVWIE,Delta,1
UYO,Akwa Ibom,0.9761
UZO-UWANI,Enugu,0.2667
VANDE IKYA,Benue,0.2111
WAMAKO,Sokoto,0.9187
WAMBA,Nasarawa,0.0345
WARJI,Bauchi,0.4444
WARRI NORTH,Delta,0
WARRI SOUTH,Delta,0.6782
WARRI SOUTH-WEST,Delta,0
WASE,Plateau,0
WUDIL,Kano,0.3731
WUKARI,Taraba,0.3462
WURNO,Sokoto,0.431
YABO,Sokoto,0.3824
YAGBA EAST,Kogi,0.8667
YAGBA WEST,Kogi,0.95
YAKURR,Cross River,0.9266
YALA,Cross River,0.4822
YAMALTU/DEBA,Gombe,0.5833
YANKWASHI,Jigawa,0.5
YENAGOA,Bayelsa,0.8204
YEWA NORTH,Ogun,1
YEWA SOUTH,Ogun,0.8667
YOLA SOUTH,Adamawa,0.9
YORRO,Taraba,0.2298
YUSUFARI,Yobe,0
ZAKI,Bauchi,0.7667
ZANGO,Katsina,0
ZANGON KATAF,Kaduna,0.5
ZARIA,Kaduna,0.9
ZING,Taraba,0
ZURMI,Zamfara,0.4036
ZURU,Kebbi,0
