country,iso_code,year,co2,co2_per_capita,gdp,population,coal_co2,oil_co2,gas_co2,flaring_co2,cumulative_co2,energy_per_capita,share_global_co2
India,IND,1850,NA,NA,223302600000,235732435,NA,NA,NA,NA,NA,NA,NA
India,IND,1851,NA,NA,224090504000,236535920,NA,NA,NA,NA,NA,NA,NA
India,IND,1852,NA,NA,NA,237318415,NA,NA,NA,NA,NA,NA,NA
India,IND,1853,NA,NA,NA,238079774,NA,NA,NA,NA,NA,NA,NA
India,IND,1854,NA,NA,NA,238843552,NA,NA,NA,NA,NA,NA,NA
India,IND,1855,NA,NA,NA,239609756,NA,NA,NA,NA,NA,NA,NA
India,IND,1856,NA,NA,NA,240378394,NA,NA,NA,NA,NA,NA,NA
India,IND,1857,NA,NA,NA,241149472,NA,NA,NA,NA,NA,NA,NA
India,IND,1858,0.394,0.002,NA,241923000,0.394,0,0,NA,0.394,NA,0.138
India,IND,1859,0.636,0.003,NA,242698983,0.636,0,0,NA,1.031,NA,0.21
India,IND,1860,0.643,0.003,NA,243477427,0.643,0,0,NA,1.674,NA,0.194
India,IND,1861,0.497,0.002,219618560000,244258342,0.497,0,0,NA,2.171,NA,0.142
India,IND,1862,0.55,0.002,NA,245041734,0.55,0,0,NA,2.722,NA,0.155
India,IND,1863,0.61,0.002,NA,245827611,0.61,0,0,NA,3.332,NA,0.161
India,IND,1864,0.577,0.002,NA,246615984,0.577,0,0,NA,3.908,NA,0.141
India,IND,1865,0.567,0.002,NA,247406860,0.567,0,0,NA,4.475,NA,0.13
India,IND,1866,0.64,0.003,NA,248200247,0.64,0,0,NA,5.115,NA,0.142
India,IND,1867,NA,NA,NA,248996154,NA,NA,NA,NA,NA,NA,NA
India,IND,1868,NA,NA,NA,249794587,NA,NA,NA,NA,NA,NA,NA
India,IND,1869,NA,NA,NA,250501067,NA,NA,NA,NA,NA,NA,NA
India,IND,1870,NA,NA,215050000000,251115205,NA,NA,NA,NA,NA,NA,NA
India,IND,1871,NA,NA,NA,251636609,NA,NA,NA,NA,NA,NA,NA
India,IND,1872,NA,NA,NA,252064885,NA,NA,NA,NA,NA,NA,NA
India,IND,1873,NA,NA,NA,252399639,NA,NA,NA,NA,NA,NA,NA
India,IND,1874,NA,NA,NA,252734813,NA,NA,NA,NA,NA,NA,NA
India,IND,1875,NA,NA,NA,253070405,NA,NA,NA,NA,NA,NA,NA
India,IND,1876,NA,NA,NA,253406417,NA,NA,NA,NA,NA,NA,NA
India,IND,1877,NA,NA,NA,253742849,NA,NA,NA,NA,NA,NA,NA
India,IND,1878,1.767,0.007,NA,254079702,1.767,0,0,NA,6.882,NA,0.249
India,IND,1879,1.684,0.007,NA,254760858,1.611,0.073,0,NA,8.566,NA,0.222
India,IND,1880,1.887,0.007,NA,255789440,1.777,0.11,0,NA,10.453,NA,0.22
India,IND,1881,1.839,0.007,NA,257168597,1.74,0.099,0,NA,12.292,NA,0.207
India,IND,1882,2.196,0.008,NA,258901501,1.969,0.227,0,NA,14.489,NA,0.234
India,IND,1883,2.441,0.009,NA,260991354,2.291,0.15,0,NA,16.929,NA,0.245
India,IND,1884,2.73,0.01,233500588000,263098048,2.433,0.297,0,NA,19.659,NA,0.27
India,IND,1885,2.459,0.009,242433816000,265221721,2.254,0.205,0,NA,22.119,NA,0.242
India,IND,1886,2.772,0.01,236355820000,267362508,2.417,0.355,0,NA,24.891,NA,0.268
India,IND,1887,3.066,0.011,248702400000,269520547,2.722,0.344,0,NA,27.957,NA,0.283
India,IND,1888,3.41,0.013,252440820000,271695977,2.974,0.436,0,NA,31.366,NA,0.284
India,IND,1889,4.022,0.015,247072518000,273520781,3.388,0.634,0,NA,35.388,NA,0.335
India,IND,1890,4.432,0.016,260331806000,274991729,3.776,0.656,0,NA,39.82,NA,0.339
India,IND,1891,4.772,0.017,236132730000,276105563,4.054,0.718,0,NA,44.592,NA,0.348
India,IND,1892,5.247,0.019,255340540000,276859000,4.416,0.831,0,NA,49.839,NA,0.38
India,IND,1893,5.543,0.02,261684549000,277248729,4.459,1.084,0,NA,55.382,NA,0.407
India,IND,1894,5.617,0.02,265797360000,277638978,4.909,0.707,0,NA,60.999,NA,0.398
India,IND,1895,7.035,0.025,259487840000,278029747,6.162,0.872,0,NA,68.034,NA,0.47
India,IND,1896,7.608,0.027,240159000000,278421038,6.703,0.905,0,NA,75.641,NA,0.492
India,IND,1897,8.253,0.03,284161116000,278812851,7.081,1.172,0,NA,83.895,NA,0.51
India,IND,1898,9.125,0.033,284652072000,279205186,8.023,1.102,0,NA,93.02,NA,0.535
India,IND,1899,10.054,0.036,262708325000,279838410,8.871,1.183,0,NA,103.074,NA,0.539
India,IND,1900,11.929,0.042,271697500000,280714154,10.654,1.275,0,NA,115.003,NA,0.608
India,IND,1901,13.179,0.047,277327800000,281834058,11.553,1.627,0,NA,128.183,NA,0.651
India,IND,1902,14.515,0.051,300672000000,283199773,12.925,1.59,0,NA,142.698,NA,0.699
India,IND,1903,14.802,0.052,304764400000,284812956,12.952,1.85,0,NA,157.5,NA,0.654
India,IND,1904,16.561,0.058,306075000000,286435299,14.307,2.253,0,NA,174.061,NA,0.723
India,IND,1905,16.93,0.059,300632500000,288066854,14.659,2.272,0,NA,190.991,NA,0.694
India,IND,1906,19.549,0.067,308969700000,289707671,17.036,2.514,0,NA,210.54,NA,0.767
India,IND,1907,21.772,0.075,290665100000,291357804,19.412,2.36,0,NA,232.312,NA,0.749
India,IND,1908,24.908,0.085,294816900000,293017306,22.237,2.671,0,NA,257.22,NA,0.893
India,IND,1909,24.142,0.082,335358000000,294397607,20.669,3.473,0,NA,281.363,NA,0.83
India,IND,1910,23.487,0.079,335633100000,295496971,20.977,2.51,0,NA,304.85,NA,0.77
India,IND,1911,24.782,0.084,333713100000,296313651,22.144,2.638,0,NA,329.632,NA,0.8
India,IND,1912,28.521,0.096,333133200000,296845891,25.608,2.913,0,NA,358.153,NA,0.877
India,IND,1913,31.466,0.106,325870100000,297091925,28.224,3.243,0,NA,389.619,NA,0.893
India,IND,1914,31.698,0.107,343520000000,297338132,28.671,3.027,0,NA,421.317,NA,0.991
India,IND,1915,33.141,0.111,334924200000,297584511,29.785,3.356,0,NA,454.458,NA,1.053
India,IND,1916,33.517,0.113,344694000000,297831063,30.044,3.473,0,NA,487.975,NA,0.986
India,IND,1917,35.019,0.117,338632800000,298077789,31.714,3.305,0,NA,522.994,NA,0.985
India,IND,1918,39.359,0.132,295336800000,298421342,36.087,3.272,0,NA,562.353,NA,1.123
India,IND,1919,42.974,0.144,335830000000,299273541,39.402,3.572,0,NA,605.327,NA,1.413
India,IND,1920,34.867,0.116,309267200000,300639878,31.277,3.591,0,NA,640.194,NA,0.983
India,IND,1921,37.505,0.124,332498600000,302525896,33.614,3.891,0,NA,677.699,NA,1.204
India,IND,1922,36.903,0.121,346716800000,304937193,33.104,3.799,0,NA,714.602,NA,1.13
India,IND,1923,37.971,0.123,335552000000,307879422,34.23,3.741,0,NA,752.573,NA,1.025
India,IND,1924,40.627,0.131,351853700000,310850039,36.879,3.749,0,NA,793.201,NA,1.093
India,IND,1925,40.084,0.128,356048700000,313849318,36.399,3.686,0,NA,833.285,NA,1.072
India,IND,1926,39.942,0.126,367478400000,316877536,36.567,3.375,0,NA,873.227,NA,1.086
India,IND,1927,41.883,0.131,367200000000,319934973,38.454,3.43,0,NA,915.11,NA,1.044
India,IND,1928,40.072,0.124,370912500000,323021910,39.256,0.528,0,NA,955.182,NA,1.003
India,IND,1929,41.707,0.128,386396000000,326429031,40.781,0.634,0,NA,996.89,NA,0.973
India,IND,1930,42.399,0.128,389214800000,330163509,41.45,0.656,0,NA,1039.288,NA,1.071
India,IND,1931,38.85,0.116,386353000000,334232641,37.814,0.736,0,NA,1078.139,NA,1.098
India,IND,1932,36.129,0.107,390754000000,338643856,35.092,0.733,0,NA,1114.268,NA,1.132
India,IND,1933,35.467,0.103,391381200000,343404711,34.459,0.689,0,NA,1149.734,NA,1.055
India,IND,1934,39.61,0.114,395071600000,348232496,38.411,0.81,0,NA,1189.345,NA,1.083
India,IND,1935,41.393,0.117,390890400000,353128154,40.081,0.857,0,NA,1230.737,NA,1.079
India,IND,1936,40.684,0.114,406292700000,358092638,39.375,0.81,0,NA,1271.421,NA,0.967
India,IND,1937,45.067,0.124,399830200000,363126915,43.598,0.887,0,NA,1316.488,NA,1.002
India,IND,1938,50.379,0.137,400546500000,368231967,49.357,1.022,0,NA,1366.867,NA,1.191
India,IND,1939,49.311,0.133,409623600000,371781679,48.359,0.953,0,NA,1416.178,NA,1.103
India,IND,1940,52.309,0.14,422772400000,373766276,51.176,1.132,0,NA,1468.487,NA,1.071
India,IND,1941,53.58,0.143,431261700000,374175756,51.309,1.187,0,NA,1522.067,NA,1.072
India,IND,1942,53.529,0.144,428796600000,372999886,51.253,1.143,0,NA,1575.595,NA,1.074
India,IND,1943,46.644,0.126,446201700000,370228201,44.427,1.121,0,NA,1622.239,NA,0.919
India,IND,1944,47.695,0.13,441698400000,367477113,45.498,1.14,0,NA,1669.934,NA,0.924
India,IND,1945,52.873,0.145,434203200000,364746467,50.792,0.971,0,NA,1722.808,NA,1.233
India,IND,1946,52.224,0.144,411463200000,362036112,50.321,0.898,0,NA,1775.032,NA,1.133
India,IND,1947,53.179,0.148,340810000000,359345897,51.667,0.762,0,NA,1828.211,NA,1.03
India,IND,1948,53.203,0.149,344050000000,356675672,51.627,0.769,0,NA,1881.414,NA,0.977
India,IND,1949,56.187,0.158,353225000000,355893489,54.322,0.777,0,NA,1937.601,NA,1.08
India,IND,1950,60.943,0.176,354333000000,346278818,52.4,7.189,NA,NA,1998.544,NA,1.028
India,IND,1951,63.806,0.18,362445000000,353870058,54.296,7.852,NA,NA,2062.35,NA,1
India,IND,1952,67.249,0.186,373116000000,361874906,57.853,7.562,NA,NA,2129.599,NA,1.04
India,IND,1953,68.608,0.185,396813000000,370104570,58.97,7.68,NA,NA,2198.207,NA,1.032
India,IND,1954,72.307,0.191,413406000000,378687141,60.485,9.541,NA,NA,2270.513,NA,1.065
India,IND,1955,78.694,0.203,423654000000,387700892,63.618,12.751,NA,NA,2349.207,NA,1.057
India,IND,1956,81.619,0.206,447917000000,396988905,65.119,13.945,NA,NA,2430.826,NA,1.03
India,IND,1957,91.618,0.226,443356000000,406253895,72.821,15.894,NA,NA,2522.444,NA,1.119
India,IND,1958,95.801,0.23,476938000000,415777436,75.804,16.843,NA,NA,2618.245,NA,1.138
India,IND,1959,101.436,0.238,486918000000,425780669,79.513,18.386,NA,NA,2719.681,NA,1.146
India,IND,1960,111.32,0.255,520800000000,435990342,87.873,19.445,NA,NA,2831.001,NA,1.186
India,IND,1961,120.399,0.27,536352000000,446564731,94.88,21.31,0.004,NA,2951.4,NA,1.279
India,IND,1962,132.58,0.29,548432000000,457283091,103.258,24.886,0.011,0.044,3083.98,NA,1.36
India,IND,1963,142.439,0.304,576288000000,468138576,110.415,27.106,0.011,0.136,3226.419,NA,1.387
India,IND,1964,139.483,0.291,620466000000,479229599,105.92,28.121,0.022,0.476,3365.902,NA,1.289
India,IND,1965,153.697,0.314,596065000000,490140142,116.452,30.814,0.282,0.751,3519.599,1263.825,1.359
India,IND,1966,159.371,0.318,601425000000,500740250,116.982,35.676,0.311,0.832,3678.97,1274.94,1.343
India,IND,1967,159.557,0.312,650716000000,511606377,119.096,32.698,0.487,1.455,3838.528,1286.992,1.304
India,IND,1968,174.071,0.333,668220000000,522716893,123.826,42.25,0.751,1.37,4012.598,1346.781,1.349
India,IND,1969,177.411,0.332,712563000000,533880545,123.367,45.349,0.997,1.26,4190.009,1461.818,1.289
India,IND,1970,181.724,0.333,748744000000,545864271,123.551,49.333,0.923,1.422,4371.733,1399.141,1.22
India,IND,1971,191.965,0.344,755656000000,558096385,126.968,55.443,1.085,1.418,4563.698,1423.385,1.238
India,IND,1972,203.037,0.356,753543000000,570482138,134.378,58.878,1.205,1.213,4766.735,1465.179,1.251
India,IND,1973,209.096,0.358,788800000000,583465599,137.81,61.749,1.169,1.447,4975.831,1462.509,1.224
India,IND,1974,215.854,0.362,796992000000,597041391,145.64,60.628,1.359,1.726,5191.685,1514.112,1.27
India,IND,1975,234.21,0.383,868010000000,611309536,161.339,61.838,1.733,2.012,5425.895,1590.048,1.379
India,IND,1976,244.75,0.391,878540000000,625861887,168.921,63.438,2.294,1.817,5670.645,1628.88,1.37
India,IND,1977,258.962,0.404,947196000000,640801106,177.511,68.556,2.48,2.092,5929.606,1682.769,1.411
India,IND,1978,263.15,0.401,997920000000,655728226,174.689,75.317,2.741,1.982,6192.757,1709.508,1.383
India,IND,1979,276.285,0.412,947528000000,671155746,180.623,82.664,3.03,2.217,6469.042,1762.57,1.416
India,IND,1980,291.714,0.424,1015105000000,687354029,197.34,83.176,2.488,1.165,6760.756,1772.884,1.503
India,IND,1981,314.969,0.448,1077444000000,703696251,210.308,89.713,2.884,3.177,7075.725,1917.425,1.668
India,IND,1982,325.383,0.452,1111560000000,720313473,213.126,94.407,4.36,3.814,7401.108,1854.816,1.737
India,IND,1983,352.205,0.478,1202349000000,737372683,232.525,99.17,5.243,4.316,7753.313,1905.482,1.863
India,IND,1984,361.569,0.479,1248910000000,754875449,231.501,106.106,6.17,5.199,8114.882,1988.3,1.858
India,IND,1985,397.601,0.515,1298600000000,772647800,253.298,116.76,7.2,5.954,8512.483,2050.433,1.974
India,IND,1986,426.318,0.539,1353105000000,790689977,273.18,121.857,10.31,4.965,8938.801,2144.444,2.086
India,IND,1987,455.355,0.563,1412884000000,808931268,291.868,127.671,12.776,6.628,9394.155,2228.686,2.157
India,IND,1988,491.7,0.594,1560090000000,827342994,317.181,133.614,15.205,7.471,9885.855,2371.811,2.243
India,IND,1989,540.662,0.639,1663728000000,846039528,339.636,150.714,18.518,11.003,10426.518,2533.468,2.435
India,IND,1990,577.987,0.668,1750993000000,864972221,366.504,158.167,21.097,9.871,11004.504,2659.855,2.543
India,IND,1991,615.388,0.696,1768493598375,883927605,393.066,166.423,23.563,7.834,11619.894,2746.45,2.652
India,IND,1992,655.424,0.726,1851711465033,902957075,411.39,188.056,27.257,3.565,12275.316,2827.125,2.91
India,IND,1993,677.262,0.734,1944353884791,922118380,433.085,186.878,26.996,3.701,12952.578,2837.215,2.977
India,IND,1994,714.043,0.759,2055026658036,941163772,455.699,198.955,28.997,1.852,13666.621,2929.481,3.108
India,IND,1995,760.48,0.792,2189535837458,960301046,471.741,216.281,39.051,2.303,14427.102,3085.614,3.234
India,IND,1996,823.602,0.841,2345228680352,979678460,504.479,243.161,39.747,2.136,15250.703,3145.554,3.399
India,IND,1997,857.976,0.859,2426804815330,999133764,527.685,244.203,46.024,2.645,16108.679,3254.829,3.519
India,IND,1998,875.783,0.86,2567853125008,1018665080,524.136,262.892,47.595,2.133,16984.463,3386.291,3.605
India,IND,1999,961.194,0.926,2710353015518,1038225822,560.465,301.469,52.619,2.048,17945.658,3415.791,3.87
India,IND,2000,987.065,0.933,2804478499774,1057922731,572.903,313.441,52.791,1.973,18932.721,3521.43,3.869
India,IND,2001,1001.198,0.929,2940745466088,1077898579,582.111,317.363,53.128,1.857,19933.92,3470.525,3.897
India,IND,2002,1032.75,0.941,3024984520809,1097600380,598.539,325.889,57.609,1.602,20966.67,3526.61,3.932
India,IND,2003,1068.398,0.957,3251114494190,1116803000,625.833,331.333,58.565,1.787,22035.068,3589.451,3.864
India,IND,2004,1134.611,0.999,3495022816540,1135991509,669.993,348.992,58.316,1.765,23169.68,3831.588,3.966
India,IND,2005,1195.393,1.035,3752627653422,1154676321,721.496,353.15,59.357,1.704,24365.072,3991.09,4.039
India,IND,2006,1293.321,1.103,4069856052453,1172878888,773.551,370.544,82.58,1.741,25658.395,4139.273,4.227
India,IND,2007,1393.485,1.17,4403215224414,1190676028,842.536,392.818,87.956,1.842,27051.879,4425.184,4.424
India,IND,2008,1490.366,1.234,4649548164533,1207930960,910.753,414.204,90.277,1.888,28542.244,4616.596,4.65
India,IND,2009,1613.328,1.316,4993478894185,1225524764,983.947,433.771,112.463,1.879,30155.572,4886.388,5.12
India,IND,2010,1678.53,1.35,5361371354007,1243481565,1015.983,440.692,134.121,1.704,31834.104,5024.514,5.038
India,IND,2011,1765.695,1.4,5720692888000,1261224956,1074.385,461.37,135.977,2.648,33599.797,5222.708,5.121
India,IND,2012,1926.986,1.507,6052427493607,1278674501,1206.452,491.148,125.558,3.592,35526.781,5425.75,5.513
India,IND,2013,1995.337,1.54,6424470752490,1295829507,1276.383,498.314,109.554,3.266,37522.121,5527.781,5.656
India,IND,2014,2148.052,1.637,6875186158349,1312277184,1407.057,513.84,107.801,3.529,39670.172,5831.643,6.057
India,IND,2015,2231.817,1.681,7391521519812,1328024494,1449.587,557.523,103.062,4.137,41901.988,5943.03,6.304
India,IND,2016,2352.54,1.75,8057465593010,1343944296,1499.401,616.112,109.989,3.756,44254.531,6148.213,6.647
India,IND,2017,2425.722,1.784,8550029645172,1359657398,1551.256,634.116,116.479,2.823,46680.254,6304.287,6.743
India,IND,2018,2595.227,1.888,9173201683791,1374659067,1668.318,658.715,126.74,2.49,49275.477,6593.169,7.065
India,IND,2019,2611.175,1.88,9595463242427,1389030307,1661.94,677.884,125.233,2.454,51886.652,6682.068,7.041
India,IND,2020,2422.732,1.727,8945313249462,1402617694,1561.799,607.535,127.684,2.806,54309.387,6268.437,6.891
India,IND,2021,2675.778,1.892,9801621018003,1414203896,1767.297,623.485,133.192,2.772,56985.164,6749.358,7.258
India,IND,2022,2831.132,1.986,10476248645535,1425423209,1855.854,684.014,124.009,2.924,59816.297,7057.187,7.544
India,IND,2023,3062.756,2.13,NA,1438069597,2032.048,718.183,132.42,2.868,62879.051,7529.44,8.04
India,IND,2024,3193.478,2.201,NA,1450935785,2108.033,747.333,149.352,2.791,66072.531,7812.928,8.274
Nigeria,NGA,1850,NA,NA,NA,13540231,NA,NA,NA,NA,NA,NA,NA
Nigeria,NGA,1851,NA,NA,NA,13610331,NA,NA,NA,NA,NA,NA,NA
Nigeria,NGA,1852,NA,NA,NA,13680992,NA,NA,NA,NA,NA,NA,NA
Nigeria,NGA,1853,NA,NA,NA,13752218,NA,NA,NA,NA,NA,NA,NA
Nigeria,NGA,1854,NA,NA,NA,13823789,NA,NA,NA,NA,NA,NA,NA
Nigeria,NGA,1855,NA,NA,NA,13895706,NA,NA,NA,NA,NA,NA,NA
Nigeria,NGA,1856,NA,NA,NA,13967972,NA,NA,NA,NA,NA,NA,NA
Nigeria,NGA,1857,NA,NA,NA,14040588,NA,NA,NA,NA,NA,NA,NA
Nigeria,NGA,1858,NA,NA,NA,14113556,NA,NA,NA,NA,NA,NA,NA
Nigeria,NGA,1859,NA,NA,NA,14188092,NA,NA,NA,NA,NA,NA,NA
Nigeria,NGA,1860,NA,NA,NA,14264213,NA,NA,NA,NA,NA,NA,NA
Nigeria,NGA,1861,NA,NA,NA,14341937,NA,NA,NA,NA,NA,NA,NA
Nigeria,NGA,1862,NA,NA,NA,14421279,NA,NA,NA,NA,NA,NA,NA
Nigeria,NGA,1863,NA,NA,NA,14502256,NA,NA,NA,NA,NA,NA,NA
Nigeria,NGA,1864,NA,NA,NA,14583662,NA,NA,NA,NA,NA,NA,NA
Nigeria,NGA,1865,NA,NA,NA,14665498,NA,NA,NA,NA,NA,NA,NA
Nigeria,NGA,1866,NA,NA,NA,14747767,NA,NA,NA,NA,NA,NA,NA
Nigeria,NGA,1867,NA,NA,NA,14830470,NA,NA,NA,NA,NA,NA,NA
Nigeria,NGA,1868,NA,NA,NA,14913610,NA,NA,NA,NA,NA,NA,NA
Nigeria,NGA,1869,NA,NA,NA,15000325,NA,NA,NA,NA,NA,NA,NA
Nigeria,NGA,1870,NA,NA,NA,15090660,NA,NA,NA,NA,NA,NA,NA
Nigeria,NGA,1871,NA,NA,NA,15184659,NA,NA,NA,NA,NA,NA,NA
Nigeria,NGA,1872,NA,NA,NA,15282368,NA,NA,NA,NA,NA,NA,NA
Nigeria,NGA,1873,NA,NA,NA,15383833,NA,NA,NA,NA,NA,NA,NA
Nigeria,NGA,1874,NA,NA,NA,15485944,NA,NA,NA,NA,NA,NA,NA
Nigeria,NGA,1875,NA,NA,NA,15588706,NA,NA,NA,NA,NA,NA,NA
Nigeria,NGA,1876,NA,NA,NA,15692122,NA,NA,NA,NA,NA,NA,NA
Nigeria,NGA,1877,NA,NA,NA,15796197,NA,NA,NA,NA,NA,NA,NA
Nigeria,NGA,1878,NA,NA,NA,15900934,NA,NA,NA,NA,NA,NA,NA
Nigeria,NGA,1879,NA,NA,NA,16009677,NA,NA,NA,NA,NA,NA,NA
Nigeria,NGA,1880,NA,NA,NA,16122483,NA,NA,NA,NA,NA,NA,NA
Nigeria,NGA,1881,NA,NA,NA,16239408,NA,NA,NA,NA,NA,NA,NA
Nigeria,NGA,1882,NA,NA,NA,16360511,NA,NA,NA,NA,NA,NA,NA
Nigeria,NGA,1883,NA,NA,NA,16485848,NA,NA,NA,NA,NA,NA,NA
Nigeria,NGA,1884,NA,NA,NA,16612117,NA,NA,NA,NA,NA,NA,NA
Nigeria,NGA,1885,NA,NA,NA,16739324,NA,NA,NA,NA,NA,NA,NA
Nigeria,NGA,1886,NA,NA,NA,16867476,NA,NA,NA,NA,NA,NA,NA
Nigeria,NGA,1887,NA,NA,NA,16996581,NA,NA,NA,NA,NA,NA,NA
Nigeria,NGA,1888,NA,NA,NA,17126644,NA,NA,NA,NA,NA,NA,NA
Nigeria,NGA,1889,NA,NA,NA,17255057,NA,NA,NA,NA,NA,NA,NA
Nigeria,NGA,1890,NA,NA,NA,17381784,NA,NA,NA,NA,NA,NA,NA
Nigeria,NGA,1891,NA,NA,NA,17506792,NA,NA,NA,NA,NA,NA,NA
Nigeria,NGA,1892,NA,NA,NA,17630043,NA,NA,NA,NA,NA,NA,NA
Nigeria,NGA,1893,NA,NA,NA,17751504,NA,NA,NA,NA,NA,NA,NA
Nigeria,NGA,1894,NA,NA,NA,17873772,NA,NA,NA,NA,NA,NA,NA
Nigeria,NGA,1895,NA,NA,NA,17996851,NA,NA,NA,NA,NA,NA,NA
Nigeria,NGA,1896,NA,NA,NA,18120748,NA,NA,NA,NA,NA,NA,NA
Nigeria,NGA,1897,NA,NA,NA,18245468,NA,NA,NA,NA,NA,NA,NA
Nigeria,NGA,1898,NA,NA,NA,18371015,NA,NA,NA,NA,NA,NA,NA
Nigeria,NGA,1899,NA,NA,NA,18510500,NA,NA,NA,NA,NA,NA,NA
Nigeria,NGA,1900,NA,NA,NA,18664170,NA,NA,NA,NA,NA,NA,NA
Nigeria,NGA,1901,NA,NA,NA,18832279,NA,NA,NA,NA,NA,NA,NA
Nigeria,NGA,1902,NA,NA,NA,19015081,NA,NA,NA,NA,NA,NA,NA
Nigeria,NGA,1903,NA,NA,NA,19212834,NA,NA,NA,NA,NA,NA,NA
Nigeria,NGA,1904,NA,NA,NA,19412612,NA,NA,NA,NA,NA,NA,NA
Nigeria,NGA,1905,NA,NA,NA,19614436,NA,NA,NA,NA,NA,NA,NA
Nigeria,NGA,1906,NA,NA,NA,19818325,NA,NA,NA,NA,NA,NA,NA
Nigeria,NGA,1907,NA,NA,NA,20024302,NA,NA,NA,NA,NA,NA,NA
Nigeria,NGA,1908,NA,NA,NA,20232386,NA,NA,NA,NA,NA,NA,NA
Nigeria,NGA,1909,NA,NA,NA,20442936,NA,NA,NA,NA,NA,NA,NA
Nigeria,NGA,1910,NA,NA,NA,20655981,NA,NA,NA,NA,NA,NA,NA
Nigeria,NGA,1911,NA,NA,NA,20871550,NA,NA,NA,NA,NA,NA,NA
Nigeria,NGA,1912,NA,NA,NA,21089672,NA,NA,NA,NA,NA,NA,NA
Nigeria,NGA,1913,NA,NA,NA,21310378,NA,NA,NA,NA,NA,NA,NA
Nigeria,NGA,1914,NA,NA,NA,21533359,NA,NA,NA,NA,NA,NA,NA
Nigeria,NGA,1915,0.018,0.001,NA,21758639,0.018,0,0,NA,0.018,NA,0.001
Nigeria,NGA,1916,0.066,0.003,NA,21986241,0.066,0,0,NA,0.084,NA,0.002
Nigeria,NGA,1917,0.224,0.01,NA,22216188,0.224,0,0,NA,0.308,NA,0.006
Nigeria,NGA,1918,0.399,0.018,NA,22420351,0.399,0,0,NA,0.707,NA,0.011
Nigeria,NGA,1919,0.37,0.016,NA,22657217,0.37,0,0,NA,1.077,NA,0.012
Nigeria,NGA,1920,0.487,0.021,NA,22927580,0.487,0,0,NA,1.565,NA,0.014
Nigeria,NGA,1921,0.572,0.025,NA,23232246,0.572,0,0,NA,2.136,NA,0.018
Nigeria,NGA,1922,0.304,0.013,NA,23572038,0.304,0,0,NA,2.44,NA,0.009
Nigeria,NGA,1923,0.473,0.02,NA,23947794,0.473,0,0,NA,2.913,NA,0.013
Nigeria,NGA,1924,0.542,0.022,NA,24329539,0.542,0,0,NA,3.455,NA,0.015
Nigeria,NGA,1925,0.645,0.026,NA,24717370,0.645,0,0,NA,4.1,NA,0.017
Nigeria,NGA,1926,0.876,0.035,NA,25111383,0.876,0,0,NA,4.976,NA,0.024
Nigeria,NGA,1927,0.967,0.038,NA,25511677,0.967,0,0,NA,5.943,NA,0.024
Nigeria,NGA,1928,0.967,0.037,NA,25918352,0.967,0,0,NA,6.91,NA,0.024
Nigeria,NGA,1929,0.931,0.035,NA,26326182,0.931,0,0,NA,7.841,NA,0.022
Nigeria,NGA,1930,0.938,0.035,NA,26735105,0.938,0,0,NA,8.779,NA,0.024
Nigeria,NGA,1931,0.883,0.033,NA,27145057,0.883,0,0,NA,9.662,NA,0.025
Nigeria,NGA,1932,0.678,0.025,NA,27555974,0.678,0,0,NA,10.34,NA,0.021
Nigeria,NGA,1933,0.634,0.023,NA,27967788,0.634,0,0,NA,10.974,NA,0.019
Nigeria,NGA,1934,0.7,0.025,NA,28385755,0.7,0,0,NA,11.674,NA,0.019
Nigeria,NGA,1935,0.696,0.024,NA,28809970,0.696,0,0,NA,12.37,NA,0.018
Nigeria,NGA,1936,0.788,0.027,NA,29240524,0.788,0,0,NA,13.157,NA,0.019
Nigeria,NGA,1937,0.978,0.033,NA,29677512,0.978,0,0,NA,14.136,NA,0.022
Nigeria,NGA,1938,0.975,0.032,NA,30121031,0.975,0,0,NA,15.11,NA,0.023
Nigeria,NGA,1939,0.821,0.027,NA,30590134,0.821,0,0,NA,15.931,NA,0.018
Nigeria,NGA,1940,0.835,0.027,NA,31085546,0.835,0,0,NA,16.766,NA,0.017
Nigeria,NGA,1941,0.989,0.031,NA,31608007,0.989,0,0,NA,17.756,NA,0.02
Nigeria,NGA,1942,1.242,0.039,NA,32158274,1.242,0,0,NA,18.998,NA,0.025
Nigeria,NGA,1943,1.363,0.042,NA,32737123,1.363,0,0,NA,20.361,NA,0.027
Nigeria,NGA,1944,1.656,0.05,NA,33326391,1.656,0,0,NA,22.017,NA,0.032
Nigeria,NGA,1945,1.381,0.041,NA,33926266,1.381,0,0,NA,23.398,NA,0.032
Nigeria,NGA,1946,1.638,0.047,NA,34536939,1.638,0,0,NA,25.036,NA,0.036
Nigeria,NGA,1947,1.561,0.044,NA,35158604,1.561,0,0,NA,26.597,NA,0.03
Nigeria,NGA,1948,1.638,0.046,NA,35791459,1.638,0,0,NA,28.235,NA,0.03
Nigeria,NGA,1949,1.484,0.041,NA,36467880,1.484,0,0,NA,29.719,NA,0.029
Nigeria,NGA,1950,2.257,0.061,38156327343,37283019,1.729,0.528,NA,NA,31.976,NA,0.038
Nigeria,NGA,1951,1.685,0.044,41005014917,37994083,1.129,0.557,NA,NA,33.661,NA,0.026
Nigeria,NGA,1952,2.18,0.056,43933848082,38716210,1.569,0.611,NA,NA,35.841,NA,0.034
Nigeria,NGA,1953,2.437,0.062,44976597070,39439813,1.73,0.706,NA,NA,38.278,NA,0.037
Nigeria,NGA,1954,2.572,0.064,48277908054,40176326,1.726,0.846,NA,NA,40.85,NA,0.038
Nigeria,NGA,1955,2.697,0.066,49579612550,40935638,1.751,0.945,NA,NA,43.547,NA,0.036
Nigeria,NGA,1956,3.012,0.072,48439816003,41716059,1.859,1.153,NA,NA,46.558,NA,0.038
Nigeria,NGA,1957,3.184,0.075,50392811601,42517478,1.927,1.257,NA,NA,49.742,NA,0.039
Nigeria,NGA,1958,3.722,0.086,49793911953,43324654,2.231,1.436,NA,NA,53.465,NA,0.044
Nigeria,NGA,1959,3.565,0.081,51983649812,44161685,1.801,1.702,NA,NA,57.029,NA,0.04
Nigeria,NGA,1960,3.403,0.076,54302556972,45053787,1.446,1.874,0,0,60.432,NA,0.036
Nigeria,NGA,1961,4.11,0.089,56159041046,45989313,1.477,2.455,0,0,64.542,NA,0.044
Nigeria,NGA,1962,4.175,0.089,59400801554,46965299,1.598,2.338,0,0,68.717,NA,0.043
Nigeria,NGA,1963,5.344,0.111,64962502468,47973576,1.422,2.455,0.059,1.147,74.061,NA,0.052
Nigeria,NGA,1964,7.267,0.148,67726020136,49012023,1.727,3.233,0.103,1.877,81.327,NA,0.067
Nigeria,NGA,1965,11.75,0.235,72336372910,50086762,1.873,4.255,0.187,4.948,93.077,NA,0.104
Nigeria,NGA,1966,12.893,0.252,69980472843,51188240,1.693,5.175,0.337,5.193,105.971,NA,0.109
Nigeria,NGA,1967,12.824,0.245,59100391406,52293065,0.74,6.628,0.348,4.719,118.795,NA,0.105
Nigeria,NGA,1968,6.626,0.124,58423795273,53432785,0.007,3.525,0.282,2.528,125.421,NA,0.051
Nigeria,NGA,1969,12.1,0.221,74074338953,54631917,0.059,3.748,0.121,7.892,137.521,NA,0.088
Nigeria,NGA,1970,21.52,0.385,96941350437,55893836,0.172,5.492,0.213,15.352,159.041,NA,0.144
Nigeria,NGA,1971,32.248,0.564,108401610312,57214688,0.55,6.405,0.352,24.618,191.289,NA,0.208
Nigeria,NGA,1972,41.376,0.706,112459763390,58601749,0.857,7.034,0.524,32.409,232.665,NA,0.255
Nigeria,NGA,1973,49.513,0.824,122133186359,60082138,0.802,8.58,0.583,38.964,282.178,NA,0.29
Nigeria,NGA,1974,62.21,1.009,136239149109,61679153,0.773,9.658,0.777,50.432,344.388,NA,0.366
Nigeria,NGA,1975,47.316,0.746,132128496500,63410821,0.594,9.622,0.773,35.687,391.704,NA,0.279
Nigeria,NGA,1976,55.157,0.845,146595519750,65258000,0.766,11.292,1.213,41.297,446.861,NA,0.309
Nigeria,NGA,1977,50.468,0.751,151895001562,67234590,0.703,8.829,7.07,33.206,497.329,NA,0.275
Nigeria,NGA,1978,48.185,0.695,142940427093,69326531,0.542,9.138,4.976,32.833,545.514,NA,0.253
Nigeria,NGA,1979,70.143,0.981,152725875250,71498241,0.458,13.714,2.521,52.67,615.657,NA,0.36
Nigeria,NGA,1980,67.987,0.922,155628248750,73764641,0.476,21.079,2.543,43.004,683.643,1585.559,0.35
Nigeria,NGA,1981,65.751,0.864,143112481914,76068116,0.286,24.957,9.838,29.577,749.394,1919.433,0.348
Nigeria,NGA,1982,65.309,0.833,141847582187,78378699,0.161,29.107,9.838,24.648,814.703,1874.198,0.349
Nigeria,NGA,1983,59.622,0.741,132378063507,80438257,0.154,29.448,4.411,24.072,874.326,1840.073,0.315
Nigeria,NGA,1984,69.338,0.84,126319989398,82526444,0.202,37.732,3.939,26.205,943.664,1923.262,0.356
Nigeria,NGA,1985,69.561,0.819,137605676875,84897973,0.37,35.499,5.375,26.929,1013.225,1994.241,0.345
Nigeria,NGA,1986,73.107,0.838,140218497343,87235959,0.297,38.124,6.331,26.769,1086.332,1881.551,0.358
Nigeria,NGA,1987,58.942,0.658,139114204312,89591718,0.205,26.912,6.705,23.578,1145.275,1947.922,0.279
Nigeria,NGA,1988,70.347,0.764,152964623265,92020088,0.161,33.196,7.236,28.352,1215.622,2024.111,0.321
Nigeria,NGA,1989,42.046,0.445,162802045656,94531022,0.143,32.577,7.944,NA,1257.668,2136.253,0.189
Nigeria,NGA,1990,38.786,0.399,171278462601,97120926,0.165,29.777,7.478,NA,1296.454,2012.134,0.171
Nigeria,NGA,1991,41.841,0.42,174067595995,99720161,0.191,31.184,9.12,NA,1338.295,2131.258,0.18
Nigeria,NGA,1992,46.162,0.451,181866334418,102372779,0.139,35.102,9.592,NA,1384.457,2130.576,0.205
Nigeria,NGA,1993,44.705,0.425,188893712697,105122075,0.022,33.006,10.478,NA,1429.161,2117.968,0.197
Nigeria,NGA,1994,80.36,0.745,193990909901,107935717,0.066,23.528,10.269,45.527,1509.521,1916.443,0.35
Nigeria,NGA,1995,84.23,0.76,202397614701,110819430,0.051,22.239,10.066,50.927,1593.752,2088.36,0.358
Nigeria,NGA,1996,97.767,0.859,215950344813,113754783,0.022,25.531,10.201,61.101,1691.519,2086.673,0.403
Nigeria,NGA,1997,95.649,0.819,227883174622,116754790,0.026,29.294,10.666,54.773,1787.168,2034.072,0.392
Nigeria,NGA,1998,86.338,0.72,239844515802,119846261,0.033,25.589,11.029,48.747,1873.506,1893.687,0.355
Nigeria,NGA,1999,84.838,0.689,247535177447,123047324,0.044,26.923,11.608,45.405,1958.344,1845.027,0.342
Nigeria,NGA,2000,96.831,0.766,268133056679,126382490,0.158,31.54,13.179,51.11,2055.175,1704.075,0.38
Nigeria,NGA,2001,100.218,0.772,293371700731,129862594,0.154,37.204,11.608,50.407,2155.393,1880.878,0.39
Nigeria,NGA,2002,89.906,0.674,344836483316,133471995,0.136,37.573,11.889,39.501,2245.3,1880.187,0.342
Nigeria,NGA,2003,100.03,0.729,387284228400,137202646,0.15,34.203,20.097,44.806,2345.329,1946.971,0.362
Nigeria,NGA,2004,94.962,0.673,438814816180,141057045,0.15,30.847,20.507,42.545,2440.291,1961.007,0.332
Nigeria,NGA,2005,101.666,0.701,481797619872,145017256,0.172,39.793,20.631,39.958,2541.957,2102.179,0.343
Nigeria,NGA,2006,90.097,0.604,527631752471,149077335,0.213,31.979,21.618,35.036,2632.054,1838.13,0.294
Nigeria,NGA,2007,82.17,0.536,581001445796,153267254,0.3,27.26,22.233,30.565,2714.224,1643.461,0.261
Nigeria,NGA,2008,86.489,0.549,638908028616,157595014,0.641,33.499,20.653,29.189,2800.713,1969.013,0.27
Nigeria,NGA,2009,77.031,0.475,709931188516,162049466,0.641,27.253,18.053,27.981,2877.745,1211.625,0.244
Nigeria,NGA,2010,112.05,0.672,809999411809,166642888,0.641,58.741,20.196,28.531,2989.794,1445.278,0.336
Nigeria,NGA,2011,126.115,0.736,871103799000,171379602,0.678,69.442,28.003,23.31,3115.91,2022.947,0.366
Nigeria,NGA,2012,110.125,0.625,908380661120,176200627,0.901,55.858,28.872,18.09,3226.034,1987.339,0.315
Nigeria,NGA,2013,117.401,0.648,957382666012,181049440,1.129,62.251,28.63,17.561,3343.435,2503.916,0.333
Nigeria,NGA,2014,123.971,0.667,1017790765613,185896917,1.129,66.604,32.676,15.827,3467.406,2658.422,0.35
Nigeria,NGA,2015,110.525,0.58,1044789628210,190671883,1.183,54.11,32.448,14.397,3577.931,2458.865,0.312
Nigeria,NGA,2016,116.396,0.596,1027896680223,195443698,1.238,60.54,34.434,13.297,3694.327,2421.681,0.329
Nigeria,NGA,2017,112.54,0.562,1036180414988,200254580,1.07,58.476,32.416,14.375,3806.867,2284.907,0.313
Nigeria,NGA,2018,106.786,0.521,1056103594567,204938752,1.253,48.436,34.34,14.173,3913.653,2383.928,0.291
Nigeria,NGA,2019,127.859,0.61,1079426893318,209485637,1.268,68.002,35.106,14.588,4041.512,2446.243,0.345
Nigeria,NGA,2020,124.899,0.584,1060059201469,213996185,1.499,64.36,35.293,13.526,4166.412,2256.092,0.355
Nigeria,NGA,2021,147.777,0.676,1098721596994,218529286,3.049,82.841,38.114,12.458,4314.188,2388.635,0.401
Nigeria,NGA,2022,131.441,0.589,1134448580250,223150906,3.199,69.383,37.936,9.999,4445.629,2363.209,0.35
Nigeria,NGA,2023,129.376,0.568,NA,227882949,3.72,66.347,37.507,10.879,4575.005,2194.584,0.34
Nigeria,NGA,2024,135.824,0.584,NA,232679482,3.049,68.935,40.734,12.182,4710.83,2212.942,0.352
South Africa,ZAF,1850,NA,NA,NA,2986678,NA,NA,NA,NA,NA,NA,NA
South Africa,ZAF,1851,NA,NA,NA,3033196,NA,NA,NA,NA,NA,NA,NA
South Africa,ZAF,1852,NA,NA,NA,3073171,NA,NA,NA,NA,NA,NA,NA
South Africa,ZAF,1853,NA,NA,NA,3106364,NA,NA,NA,NA,NA,NA,NA
South Africa,ZAF,1854,NA,NA,NA,3139915,NA,NA,NA,NA,NA,NA,NA
South Africa,ZAF,1855,NA,NA,NA,3173826,NA,NA,NA,NA,NA,NA,NA
South Africa,ZAF,1856,NA,NA,NA,3208102,NA,NA,NA,NA,NA,NA,NA
South Africa,ZAF,1857,NA,NA,NA,3242747,NA,NA,NA,NA,NA,NA,NA
South Africa,ZAF,1858,NA,NA,NA,3277764,NA,NA,NA,NA,NA,NA,NA
South Africa,ZAF,1859,NA,NA,NA,3313158,NA,NA,NA,NA,NA,NA,NA
South Africa,ZAF,1860,NA,NA,NA,3348933,NA,NA,NA,NA,NA,NA,NA
South Africa,ZAF,1861,NA,NA,NA,3385092,NA,NA,NA,NA,NA,NA,NA
South Africa,ZAF,1862,NA,NA,NA,3421640,NA,NA,NA,NA,NA,NA,NA
South Africa,ZAF,1863,NA,NA,NA,3458580,NA,NA,NA,NA,NA,NA,NA
South Africa,ZAF,1864,NA,NA,NA,3495918,NA,NA,NA,NA,NA,NA,NA
South Africa,ZAF,1865,NA,NA,NA,3533658,NA,NA,NA,NA,NA,NA,NA
South Africa,ZAF,1866,NA,NA,NA,3571803,NA,NA,NA,NA,NA,NA,NA
South Africa,ZAF,1867,NA,NA,NA,3610358,NA,NA,NA,NA,NA,NA,NA
South Africa,ZAF,1868,NA,NA,NA,3649328,NA,NA,NA,NA,NA,NA,NA
South Africa,ZAF,1869,NA,NA,NA,3688717,NA,NA,NA,NA,NA,NA,NA
South Africa,ZAF,1870,NA,NA,3275442000,3728529,NA,NA,NA,NA,NA,NA,NA
South Africa,ZAF,1871,NA,NA,NA,3768768,NA,NA,NA,NA,NA,NA,NA
South Africa,ZAF,1872,NA,NA,NA,3809441,NA,NA,NA,NA,NA,NA,NA
South Africa,ZAF,1873,NA,NA,NA,3850550,NA,NA,NA,NA,NA,NA,NA
South Africa,ZAF,1874,NA,NA,NA,3892102,NA,NA,NA,NA,NA,NA,NA
South Africa,ZAF,1875,NA,NA,NA,3934099,NA,NA,NA,NA,NA,NA,NA
South Africa,ZAF,1876,NA,NA,NA,3976549,NA,NA,NA,NA,NA,NA,NA
South Africa,ZAF,1877,NA,NA,NA,4019454,NA,NA,NA,NA,NA,NA,NA
South Africa,ZAF,1878,NA,NA,NA,4062820,NA,NA,NA,NA,NA,NA,NA
South Africa,ZAF,1879,NA,NA,NA,4106653,NA,NA,NA,NA,NA,NA,NA
South Africa,ZAF,1880,NA,NA,NA,4150956,NA,NA,NA,NA,NA,NA,NA
South Africa,ZAF,1881,NA,NA,NA,4195735,NA,NA,NA,NA,NA,NA,NA
South Africa,ZAF,1882,NA,NA,NA,4240996,NA,NA,NA,NA,NA,NA,NA
South Africa,ZAF,1883,NA,NA,NA,4286743,NA,NA,NA,NA,NA,NA,NA
South Africa,ZAF,1884,0.022,0.005,NA,4332981,0.022,0,0,NA,0.022,NA,0.002
South Africa,ZAF,1885,0.037,0.008,NA,4379716,0.037,0,0,NA,0.059,NA,0.004
South Africa,ZAF,1886,0.048,0.011,NA,4426953,0.048,0,0,NA,0.106,NA,0.005
South Africa,ZAF,1887,0.048,0.011,NA,4474698,0.048,0,0,NA,0.154,NA,0.004
South Africa,ZAF,1888,0.081,0.018,NA,4522955,0.081,0,0,NA,0.234,NA,0.007
South Africa,ZAF,1889,0.132,0.029,NA,4571731,0.132,0,0,NA,0.366,NA,0.011
South Africa,ZAF,1890,0.297,0.064,NA,4621030,0.297,0,0,NA,0.663,NA,0.023
South Africa,ZAF,1891,0.297,0.064,NA,4670859,0.297,0,0,NA,0.96,NA,0.022
South Africa,ZAF,1892,0.48,0.102,NA,4721224,0.48,0,0,NA,1.44,NA,0.035
South Africa,ZAF,1893,1.799,0.377,NA,4772129,1.799,0,0,NA,3.239,NA,0.132
South Africa,ZAF,1894,2.433,0.504,NA,4823580,2.433,0,0,NA,5.672,NA,0.172
South Africa,ZAF,1895,3.338,0.685,NA,4875584,3.338,0,0,NA,9.01,NA,0.223
South Africa,ZAF,1896,4.258,0.864,NA,4928147,4.258,0,0,NA,13.267,NA,0.275
South Africa,ZAF,1897,4.778,0.959,NA,4981274,4.778,0,0,NA,18.045,NA,0.295
South Africa,ZAF,1898,6.049,1.201,NA,5034971,6.049,0,0,NA,24.094,NA,0.354
South Africa,ZAF,1899,5.518,1.083,NA,5095769,5.518,0,0,NA,29.612,NA,0.296
South Africa,ZAF,1900,2.33,0.451,NA,5163858,2.33,0,0,NA,31.943,NA,0.119
South Africa,ZAF,1901,3.909,0.746,NA,5239436,3.909,0,0,NA,35.852,NA,0.193
South Africa,ZAF,1902,5.826,1.095,NA,5322703,5.826,0,0,NA,41.678,NA,0.28
South Africa,ZAF,1903,7.782,1.437,NA,5413866,7.782,0,0,NA,49.46,NA,0.344
South Africa,ZAF,1904,8.768,1.592,NA,5506587,8.768,0,0,NA,58.228,NA,0.383
South Africa,ZAF,1905,10.028,1.79,NA,5600893,10.028,0,0,NA,68.257,NA,0.411
South Africa,ZAF,1906,11.465,2.012,NA,5696812,11.465,0,0,NA,79.721,NA,0.45
South Africa,ZAF,1907,12.652,2.183,NA,5794372,12.652,0,0,NA,92.373,NA,0.436
South Africa,ZAF,1908,13.007,2.207,NA,5893599,13.007,0,0,NA,105.38,NA,0.466
South Africa,ZAF,1909,14.975,2.499,NA,5993374,14.975,0,0,NA,120.355,NA,0.515
South Africa,ZAF,1910,16.979,2.786,NA,6093688,16.979,0,0,NA,137.334,NA,0.557
South Africa,ZAF,1911,16.341,2.638,NA,6194530,16.341,0,0,NA,153.675,NA,0.528
South Africa,ZAF,1912,17.349,2.756,NA,6295888,17.349,0,0,NA,171.025,NA,0.533
South Africa,ZAF,1913,18.983,2.967,NA,6397751,18.983,0,0,NA,190.008,NA,0.539
South Africa,ZAF,1914,18.401,2.83,NA,6501260,18.401,0,0,NA,208.408,NA,0.575
South Africa,ZAF,1915,18.511,2.802,NA,6606440,18.511,0,0,NA,226.919,NA,0.588
South Africa,ZAF,1916,21.812,3.249,NA,6713319,21.812,0,0,NA,248.731,NA,0.641
South Africa,ZAF,1917,23.34,3.421,NA,6821924,23.34,0,0,NA,272.07,NA,0.656
South Africa,ZAF,1918,22.222,3.208,NA,6927689,22.222,0,0,NA,294.292,NA,0.634
South Africa,ZAF,1919,23.138,3.285,NA,7042968,23.138,0,0,NA,317.431,NA,0.761
South Africa,ZAF,1920,25.666,3.581,NA,7168076,25.666,0,0,NA,343.097,NA,0.724
South Africa,ZAF,1921,25.414,3.48,NA,7303334,25.414,0,0,NA,368.51,NA,0.816
South Africa,ZAF,1922,21.786,2.925,NA,7449070,21.786,0,0,NA,390.297,NA,0.667
South Africa,ZAF,1923,26.443,3.477,NA,7605625,26.443,0,0,NA,416.74,NA,0.714
South Africa,ZAF,1924,27.777,3.577,NA,7765470,27.777,0,0,NA,444.516,NA,0.747
South Africa,ZAF,1925,28.953,3.652,NA,7928675,28.953,0,0,NA,473.469,NA,0.774
South Africa,ZAF,1926,30.43,3.759,NA,8095309,30.43,0,0,NA,503.899,NA,0.827
South Africa,ZAF,1927,29.561,3.576,NA,8265446,29.561,0,0,NA,533.46,NA,0.737
South Africa,ZAF,1928,29.623,3.51,NA,8439158,29.623,0,0,NA,563.083,NA,0.741
South Africa,ZAF,1929,30.769,3.572,NA,8615057,30.591,0,0,NA,593.852,NA,0.718
South Africa,ZAF,1930,28.722,3.266,NA,8793161,28.722,0,0,NA,622.574,NA,0.726
South Africa,ZAF,1931,25.567,2.849,NA,8973484,25.567,0,0,NA,648.142,NA,0.722
South Africa,ZAF,1932,23.456,2.562,NA,9156043,23.314,0,0,NA,671.598,NA,0.735
South Africa,ZAF,1933,25.332,2.712,NA,9340853,25.179,0,0,NA,696.929,NA,0.753
South Africa,ZAF,1934,28.871,3.03,NA,9529394,28.656,0,0,NA,725.8,NA,0.79
South Africa,ZAF,1935,32.157,3.308,NA,9721741,31.895,0,0,NA,757.957,NA,0.838
South Africa,ZAF,1936,35.252,3.554,NA,9917969,34.878,0,0,NA,793.208,NA,0.838
South Africa,ZAF,1937,36.816,3.639,NA,10118159,36.402,0,0,NA,830.025,NA,0.819
South Africa,ZAF,1938,38.699,3.749,NA,10322389,38.267,0,0,NA,868.724,NA,0.915
South Africa,ZAF,1939,40.157,3.814,NA,10528607,39.688,0,0,NA,908.881,NA,0.898
South Africa,ZAF,1940,41.517,3.867,NA,10736810,41.106,0,0,NA,950.398,NA,0.85
South Africa,ZAF,1941,44.327,4.049,NA,10946998,43.895,0,0,NA,994.726,NA,0.887
South Africa,ZAF,1942,48.423,4.339,NA,11159168,47.954,0,0,NA,1043.149,NA,0.972
South Africa,ZAF,1943,48.764,4.288,NA,11373317,48.31,0,0,NA,1091.913,NA,0.961
South Africa,ZAF,1944,54.567,4.707,NA,11591575,54.015,0,0,NA,1146.48,NA,1.057
South Africa,ZAF,1945,55.868,4.729,NA,11814022,55.348,0,0,NA,1202.348,NA,1.302
South Africa,ZAF,1946,56.043,4.654,NA,12040737,55.462,0,0,NA,1258.392,NA,1.216
South Africa,ZAF,1947,55.834,4.55,NA,12271803,55.216,0,0,NA,1314.226,NA,1.081
South Africa,ZAF,1948,57.098,4.565,NA,12507304,56.451,0,0,NA,1371.324,NA,1.048
South Africa,ZAF,1949,60.586,4.747,NA,12764367,59.914,0,0,NA,1431.91,NA,1.164
South Africa,ZAF,1950,60.914,4.672,54940788808,13038501,55.055,4.947,NA,NA,1492.824,NA,1.027
South Africa,ZAF,1951,65.068,4.889,57515678691,13309025,58.455,5.647,NA,NA,1557.892,NA,1.02
South Africa,ZAF,1952,70.832,5.21,59556101831,13595546,63.853,5.98,NA,NA,1628.724,NA,1.095
South Africa,ZAF,1953,70.974,5.109,62355161984,13892917,63.864,6.06,NA,NA,1699.698,NA,1.067
South Africa,ZAF,1954,73.879,5.201,66022798242,14203781,66.037,6.774,NA,NA,1773.578,NA,1.088
South Africa,ZAF,1955,82.929,5.706,69327532574,14533371,74.144,7.629,NA,NA,1856.506,NA,1.114
South Africa,ZAF,1956,87.252,5.863,73183059135,14880686,77.516,8.511,NA,NA,1943.758,NA,1.101
South Africa,ZAF,1957,89.644,5.88,75976885687,15244838,80.337,8.057,NA,NA,2033.402,NA,1.095
South Africa,ZAF,1958,96.253,6.162,77574440458,15620420,85.712,9.197,NA,NA,2129.656,NA,1.143
South Africa,ZAF,1959,94.473,5.899,81038575406,16014970,84.521,8.643,NA,NA,2224.128,NA,1.067
South Africa,ZAF,1960,97.847,5.952,84418513910,16440175,87.441,9.068,NA,NA,2321.976,NA,1.042
South Africa,ZAF,1961,102.12,6.04,88081181865,16908039,90.471,10.365,NA,NA,2424.095,NA,1.085
South Africa,ZAF,1962,105.67,6.067,93013177218,17418522,93.263,11.091,NA,NA,2529.765,NA,1.084
South Africa,ZAF,1963,109.725,6.111,99827407023,17954560,96.605,11.695,NA,NA,2639.491,NA,1.069
South Africa,ZAF,1964,119.546,6.458,106518454681,18511367,102.552,15.286,NA,NA,2759.037,NA,1.104
South Africa,ZAF,1965,128.14,6.713,112882727929,19089382,111.1,15.121,NA,NA,2887.177,18556.311,1.133
South Africa,ZAF,1966,128.235,6.513,117778082222,19690084,109.048,17.217,NA,NA,3015.412,18101.951,1.081
South Africa,ZAF,1967,133.76,6.585,125836940632,20314072,112.906,18.873,NA,NA,3149.172,18270.824,1.093
South Africa,ZAF,1968,137.954,6.583,131293356281,20957287,118.475,17.298,NA,NA,3287.125,18690.773,1.069
South Africa,ZAF,1969,143.143,6.622,139369765898,21614679,120.71,19.91,NA,NA,3430.268,18659.299,1.04
South Africa,ZAF,1970,149.622,6.716,146627016250,22279990,123.898,22.882,NA,NA,3579.89,18917.328,1.004
South Africa,ZAF,1971,168.407,7.341,153821285794,22942145,133.428,32.089,NA,NA,3748.297,19790.059,1.086
South Africa,ZAF,1972,171.557,7.266,156779559082,23609457,137.868,30.676,NA,NA,3919.854,19866.164,1.057
South Africa,ZAF,1973,173.352,7.136,163375557705,24294264,137.242,32.731,NA,NA,4093.207,20770.533,1.015
South Africa,ZAF,1974,176.548,7.065,172551365765,24989109,140.35,32.606,NA,NA,4269.755,20772.832,1.039
South Africa,ZAF,1975,185.005,7.201,175749503968,25690943,144.475,37.003,NA,NA,4454.759,21540.963,1.089
South Africa,ZAF,1976,192.909,7.308,180034631886,26395451,151.763,37.684,NA,NA,4647.668,21882.631,1.08
South Africa,ZAF,1977,199.738,7.365,179681537255,27118951,158.6,37.915,NA,NA,4847.407,21820.908,1.088
South Africa,ZAF,1978,201.88,7.244,185013861736,27869506,161.542,36.995,NA,NA,5049.286,21026.818,1.061
South Africa,ZAF,1979,218.671,7.637,192300237476,28634161,179.983,35.314,NA,NA,5267.957,21132.031,1.121
South Africa,ZAF,1980,228.201,7.731,204702612058,29518857,194.063,30.621,NA,NA,5496.158,21879.715,1.176
South Africa,ZAF,1981,257.079,8.417,215434541648,30541046,218.15,34.977,NA,NA,5753.237,24620.184,1.362
South Africa,ZAF,1982,280.437,8.87,214585941884,31615339,230.758,45.775,NA,NA,6033.674,25579.846,1.497
South Africa,ZAF,1983,291.906,8.916,210671519984,32739308,239.827,48.233,NA,NA,6325.58,25029.643,1.544
South Africa,ZAF,1984,315.597,9.312,221387593500,33892793,264.779,46.837,NA,NA,6641.177,26422.186,1.622
South Africa,ZAF,1985,323.865,9.242,218712388593,35042097,273.532,46.914,NA,NA,6965.042,26098.783,1.608
South Africa,ZAF,1986,330.501,9.135,218892223218,36180519,280.299,46.944,NA,NA,7295.542,25751.457,1.617
South Africa,ZAF,1987,328.672,8.805,223307083281,37326192,283.986,41.422,NA,NA,7624.214,25356.217,1.557
South Africa,ZAF,1988,342.662,8.905,232506864492,38480647,293.673,44.88,NA,NA,7966.876,27086.332,1.563
South Africa,ZAF,1989,340.715,8.598,237353627789,39628574,283.956,52.875,NA,NA,8307.591,25126.357,1.535
South Africa,ZAF,1990,312.934,7.68,235128506976,40746274,265.101,40.615,3.444,NA,8620.525,25270.26,1.377
South Africa,ZAF,1991,326.03,7.821,237880804016,41687903,277.717,41.238,3.492,NA,8946.556,24521.457,1.405
South Africa,ZAF,1992,301.329,7.1,238567245851,42443510,259.671,34.753,3.517,NA,9247.884,24197.768,1.338
South Africa,ZAF,1993,320.353,7.399,247203444018,43297155,289.731,23.156,3.924,NA,9568.237,23679.57,1.408
South Africa,ZAF,1994,338.701,7.697,261851802567,44004140,299.206,31.646,3.924,0.124,9906.938,24300.189,1.474
South Africa,ZAF,1995,361.712,8.121,277583803133,44541557,319.548,33.767,3.924,0.115,10268.65,25089.297,1.538
South Africa,ZAF,1996,363.732,8.061,296908021392,45123023,324.11,31.65,3.532,0.123,10632.383,25259.006,1.501
South Africa,ZAF,1997,385.215,8.435,311987478453,45666835,333.288,44.243,3.155,0.206,11017.598,25522.74,1.58
South Africa,ZAF,1998,377.273,8.162,320149741740,46223888,325.832,44.587,2.656,0.246,11394.871,24771.293,1.553
South Africa,ZAF,1999,374.869,8.022,334638442219,46730331,336.725,30.69,3.473,0.204,11769.74,25331.398,1.509
South Africa,ZAF,2000,378.333,8.022,356072104365,47159715,337.909,33.302,3.199,0.251,12148.073,25135.504,1.483
South Africa,ZAF,2001,371.602,7.812,374889022813,47566805,337.671,25.886,4.155,0.254,12519.675,25049.746,1.446
South Africa,ZAF,2002,356.501,7.424,396137571619,48019414,325.506,22.449,4.122,0.218,12876.177,24180.324,1.357
South Africa,ZAF,2003,404.406,8.338,413710071358,48500351,357.442,39.743,2.47,0.293,13280.583,25937.09,1.462
South Africa,ZAF,2004,449.322,9.171,439265862379,48991420,384.101,54.238,6.364,0.283,13729.903,28020.674,1.571
South Africa,ZAF,2005,416.205,8.41,470188845104,49490041,376.721,27.832,6.313,0.271,14146.108,26254.201,1.406
South Africa,ZAF,2006,446.744,8.935,505574497707,49998271,381.99,53.08,6.126,0.215,14592.853,26522.131,1.46
South Africa,ZAF,2007,465.034,9.203,542976204451,50528575,392.159,59.334,7.892,0.158,15057.887,26958.873,1.476
South Africa,ZAF,2008,494.673,9.678,571660802378,51114595,418.275,62.764,8.119,0.171,15552.559,28557.336,1.543
South Africa,ZAF,2009,474.512,9.173,574768021657,51728518,390.664,71.07,7.038,0.169,16027.071,28093.094,1.506
South Africa,ZAF,2010,467.353,8.928,607601612432,52344047,406.924,46.324,8.867,0.193,16494.424,27968.58,1.403
South Africa,ZAF,2011,474.273,8.949,645388107070,52995212,400.454,60.247,8.801,0.133,16968.697,27289.521,1.376
South Africa,ZAF,2012,461.438,8.58,660853021773,53782570,398.009,49.468,9.255,0.073,17430.135,26478.908,1.32
South Africa,ZAF,2013,456.188,8.343,677278303675,54678789,392.345,49.515,9.384,0.051,17886.322,26163.137,1.293
South Africa,ZAF,2014,481.638,8.663,686853872664,55594840,413.196,54.539,8.94,0.052,18367.961,26046.393,1.358
South Africa,ZAF,2015,457.473,8.065,695933197143,56723536,387.494,54.688,9.827,0.045,18825.436,24952.885,1.292
South Africa,ZAF,2016,457.05,7.982,700558003750,57259550,384.489,59.012,7.815,0.042,19282.482,25848.275,1.291
South Africa,ZAF,2017,440.01,7.634,708670169977,57635158,369.903,57.257,7.339,0.03,19722.494,25594.477,1.223
South Africa,ZAF,2018,453.766,7.742,719458334697,58613001,384.222,54.275,9.746,0.057,20176.262,24053.697,1.235
South Africa,ZAF,2019,470.727,7.9,721641639539,59587880,405.224,50.167,9.842,0.042,20646.988,24698.113,1.269
South Africa,ZAF,2020,435.298,7.188,675871755463,60562374,374.003,46.606,9.563,0.055,21082.285,23110.006,1.238
South Africa,ZAF,2021,439.464,7.145,709077881289,61502602,366.528,59.91,7.104,0.052,21521.75,22855.135,1.192
South Africa,ZAF,2022,428.782,6.874,723559323969,62378417,357.02,59.159,6.931,0.038,21950.531,21580.689,1.143
South Africa,ZAF,2023,436.604,6.907,NA,63212386,363.604,59.618,7.703,0.044,22387.137,21641.15,1.146
South Africa,ZAF,2024,439.831,6.872,NA,64007187,371.358,55.087,7.746,0.005,22826.967,21286.549,1.139
